Symbol,Name,Price,Dividend Yield,Price/Earnings,Book Value,52 week low,52 week high,Market Cap,EBITDA,Price/Sales,Price/Book
A,Agilent Technologies Inc,37.63,1.21,27.29,12.33,33.12,43.59,12.34,0.819,3.04,3.04
AA,Alcoa Inc,8.87,1.35,,9.15,6.14,15.32,11.62,3.25,0.51,0.96
AAL,American Airlines Group,41.36,0.98,3.74,8.99,34.1,56.05,25.91,8.61,0.62,4.52
AAP,Advance Auto Parts,150.08,0.16,23.45,33.59,131.59,201.24,11,1.22,1.13,4.48
AAPL,Apple Inc.,96.76,2.15,10.3,23.13,92,134.54,536.49,82.79,2.27,4.15
ABBV,AbbVie,56.2,4.12,17.96,2.45,45.45,71.6,90.55,9.47,3.87,22.4
ABC,AmerisourceBergen Corp,87.6,1.55,48.61,6.3,80.5,120.68,18,1.64,0.13,13.82
ABT,Abbott Laboratories,39.63,2.66,13.54,14.15,36,51.74,59.12,4.81,2.87,2.77
ACN,Accenture plc,100.91,2.19,21.26,9.43,86.4,109.86,63.36,5.2,2.01,10.55
ADBE,Adobe Systems Inc,86.68,0,69.9,14.06,71.27,96.42,43.2,1.24,8.67,5.93
ADI,"Analog Devices, Inc.",52.99,3.19,24.65,16.11,47.24,68.97,16.43,1.27,4.68,3.22
ADM,Archer-Daniels-Midland Co,34.62,3.55,11.62,30.08,29.86,53.31,20.56,2.89,0.3,1.13
ADP,Automatic Data Processing,85.92,2.45,26.68,9.17,64.29,90.67,39.3,2.33,3.47,9.3
ADS,Alliance Data Systems,212.6,,24.1,32.92,176.63,312,12.99,1.6,2,6.4
ADSK,Autodesk Inc,49.42,0,,7.69,41.6,65.78,11.14,0.1707,4.4,6.39
ADT,ADT Corp,40.29,2.2,23.67,17.58,24.22,42.88,6.66,1.82,1.85,2.28
AEE,Ameren Corp,48.13,3.68,18.59,28.63,37.26,48.22,11.68,2.2,1.89,1.66
AEP,American Electric Power,63.89,3.56,17.72,36.06,52.29,63.9,31.36,5.28,1.79,1.75
AES,AES Corp,9.97,4.49,11.84,5.29,8.22,14.02,6.71,3.86,0.43,1.9
AET,Aetna Inc,109.4,0.94,16.14,45.51,92.42,134.4,38.15,5.43,0.62,2.34
AFL,AFLAC Inc,60.33,2.75,10.31,40.96,51.41,66.53,25.6,3.92,1.21,1.46
AGN,Allergan plc,296.34,0.1,27.24,184.12,237.5,340.34,116.79,7.64,5.72,1.55
AIG,"American International Group, Inc.",51.37,2.46,31.13,75.1,50.23,64.93,61.33,10.41,1.04,0.68
AIV,Apartment Investment & Mgmt,36.62,3.62,24.09,9.4,34.71,41.33,5.7,0.55864,5.86,3.84
AIZ,Assurant Inc,72.47,2.83,35.35,68.7,59.73,87.2,4.69,0.3934,0.44,1.02
AKAM,Akamai Technologies Inc,54.96,,30.88,17.63,39.43,78.44,9.73,0.75286,4.41,3.11
ALL,Allstate Corp,64.41,2.05,12.75,47.98,54.12,72.51,24.54,3.98,0.68,1.33
ALLE,Allegion,63.8,0.82,40.23,0.31,52.95,68.08,6.12,0.4118,2.91,202.69
ALXN,Alexion Pharmaceuticals,140.54,,209.76,36.6,130.51,208.88,31.66,0.86215,12.28,3.88
AMAT,Applied Materials Inc,18.89,2.15,17.31,6.26,14.25,25.64,21.65,2,2.24,2.99
AME,Ametek,46.39,0.78,18.93,13.72,42.82,57.67,11,1.05,2.71,3.31
AMG,Affiliated Managers Group Inc,130.3,,14.03,52.64,115.97,230.63,7.02,0.9682,2.8,2.45
AMGN,Amgen Inc,146.75,2.69,16.2,37.24,130.09,181.81,110.37,10.7,5.11,3.95
AMP,Ameriprise Financial,84.37,3.17,9.95,42.21,76,137.07,14.43,3.48,1.17,1.98
AMT,American Tower Corp A,89.42,2.2,66.93,15.63,83.07,104.12,37.88,2.82,8.31,5.7
AMZN,Amazon.com Inc,555.15,,444.12,28.42,365.65,696.44,261.39,7.88,2.44,19.5
AN,AutoNation Inc,51.94,,13.35,21.2,40.45,67.5,5.57,0.9982,0.26,2.42
ANTM,Anthem Inc.,132.23,1.97,14.1,88.21,115.63,173.59,34.56,5.82,0.43,1.48
AON,Aon plc,95.31,1.28,19.53,22.17,83.83,107.08,26.26,2.55,2.24,4.27
APA,Apache Corporation,37.79,2.52,,25.95,32.2,71.87,14.29,5.78,1.69,1.49
APC,Anadarko Petroleum Corp,37.64,0.54,,25.23,28.16,95.94,19.14,3.13,1.94,1.43
APD,Air Products & Chemicals Inc,132.99,2.44,21.98,34.16,114.64,158.2,28.68,2.91,2.93,3.85
APH,Amphenol Corp A,52.72,1.07,21.88,10.5,44.5,60.54,16.27,1.28,2.9,5
ARG,Airgas Inc,141.76,1.7,30.55,27.33,86.09,141.79,10.27,0.96572,1.93,5.18
ATVI,Activision Blizzard,32.32,0.82,27.16,11.01,22.28,39.93,23.69,1.42,4.98,2.88
AVB,"AvalonBay Communities, Inc.",172.71,3.16,31.34,71.84,158.72,186.89,23.66,1.18,12.37,2.36
AVGO,Avago Technologies,132.47,1.35,27.29,17.06,100,150.5,36.63,2.84,5.28,7.64
AVY,Avery Dennison Corp,66.24,2.28,22.46,10.44,50.94,66.65,6.13,0.726,1,6.2
AXP,American Express Co,55.39,2.09,10.97,21.4,50.27,83.54,53.4,0,1.71,2.55
AZO,AutoZone Inc,785.15,,21.15,-58.74,640,803.25,23.72,2.26,2.28,
BA,Boeing Company,116.82,3.71,15.7,9.5,102.1,156.91,77.39,9,0.8,12.16
BAC,Bank of America Corp,12.32,1.59,9.4,22.54,10.99,18.48,129.56,0,1.61,0.54
BAX,Baxter International Inc.,39.84,1.2,22.57,14.31,32.18,43.44,21.79,1.53,2.14,2.72
BBBY,Bed Bath & Beyond,48.24,,9.54,16,41.26,78.1,7.74,1.7,0.64,3.02
BBT,BB&T Corporation,32.49,3.28,12.69,31.66,29.95,41.9,25.35,0,2.72,1.01
BBY,Best Buy Co. Inc.,32.24,2.99,12.14,13.48,25.31,42,11.05,2.22,0.27,2.33
BCR,Bard (C.R.) Inc.,196.57,0.51,111.06,19.75,163.81,202.47,14.49,1.03,4.22,9.82
BDX,Becton Dickinson,148.67,1.81,45.89,34.1,128.87,157.5,31.49,2.87,2.78,4.32
BEN,Franklin Resources,35.73,2.06,11.45,19.79,31,54.85,21.18,2.98,2.7,1.76
BF-B,Brown-Forman Corporation,103.39,1.6,31.74,6.96,86.71,111.06,20.82,1.1,6.64,14.71
BHI,Baker Hughes Inc,43.25,1.56,,37.12,37.58,70.45,18.99,1.62,1.17,1.13
BIIB,BIOGEN IDEC Inc.,262.35,,17.1,42.88,242.07,480.18,57.37,5.62,5.23,6
BK,The Bank of New York Mellon Corp.,35.33,1.92,13.04,32.69,32.2,45.45,38.35,0,2.51,1.06
BLK,BlackRock,313.62,2.89,15.85,169.44,275,380.99,51.93,4.93,4.47,1.82
BLL,Ball Corp,66.83,0.78,33.58,8.79,57.95,75.24,9.47,1.09,1.19,7.61
BMY,Bristol-Myers Squibb,63.03,2.39,67.77,8.55,51.82,70.87,105.23,4.98,6.27,7.28
BRK-B,Berkshire Hathaway,132.31,,14.33,151044.77,123.55,148.57,0.21739,44.27,0,0
BSX,Boston Scientific,17.32,,,4.69,14.18,19.06,23.32,1.92,3.12,3.69
BWA,BorgWarner,32.6,1.58,12.07,16.2,27.68,63.3,7.13,1.36,0.88,2
BXLT,Baxalta,39.5,0.71,28.19,5.87,29.83,42.38,26.8,2.09,4.3,6.64
BXP,Boston Properties,115.18,2.27,30.96,35.87,94.91,145.9,17.69,1.51,6.95,3.17
C,Citigroup Inc.,38.62,0.51,7.15,69.46,34.52,60.95,114.06,0,1.62,0.55
CA,"CA, Inc.",29.78,3.39,17.14,12.67,25.16,33.42,12.41,1.23,3.04,2.33
CAG,ConAgra Foods Inc.,42.48,2.39,,7.91,33.45,45.49,18.44,2.27,1.15,5.31
CAH,Cardinal Health Inc.,82.67,1.9,20.11,20.34,74.73,91.91,27.23,2.89,0.24,4.04
CAM,Cameron International Corp.,65.91,,25.42,23.82,40.5,71.22,12.63,1.57,1.43,2.76
CAT,Caterpillar Inc.,66.47,4.58,18.99,25.43,56.36,89.62,38.71,7.26,0.82,2.59
CB,Chubb Limited,118.39,0,13.73,89.77,96,119.86,38.43,3.74,1.99,1.29
CBG,CBRE Group,25.71,,15.77,8.13,22.74,39.77,8.58,1.11,0.78,3.11
CBS,CBS Corp.,47.64,1.28,16.48,12.02,38.51,63.95,21.89,3.11,1.57,3.95
CCE,Coca-Cola Enterprises,50.1,2.43,19.72,4.22,41.03,53.79,11.39,1.2,1.6,11.73
CCI,Crown Castle International Corp.,86.74,4.08,19.62,21.28,75.71,88.26,28.89,2.03,7.85,4.06
CCL,Carnival Corp.,48.51,2.51,21.46,30.79,40.52,55.77,37.45,3.62,2.36,1.56
CELG,Celgene Corp.,102.35,,52.76,7.53,92.98,140.72,80,3.05,8.62,13.57
CERN,Cerner,51.36,,33.35,11.39,49.89,75.72,17.46,1.21,4.05,4.55
CF,CF Industries Holdings Inc,33.16,3.58,11.2,17.32,26.1,70.32,7.73,1.76,1.72,1.83
CFG,Citizens Financial Group,19.18,2.02,12.37,36.76,18.04,28.71,10.12,0,2.22,0.52
CHD,Church & Dwight,92.21,1.57,30.04,15.57,76.85,92.4,11.96,0.7841,3.5,5.88
CHK,Chesapeake Energy,2.56,0,,1.84,1.5,17.3,1.7,3.63,0.13,1.46
CHRW,C. H. Robinson Worldwide,70.16,2.45,19.99,7.93,59.71,76.18,10.07,0.92472,0.75,8.86
CI,CIGNA Corp.,140.32,0.03,17.46,46.91,118.7,170.68,36,4.33,0.93,2.93
CINF,Cincinnati Financial,63.75,3.04,16.64,39.21,49.72,63.86,10.45,0.986,2.01,1.6
CL,Colgate-Palmolive,67.42,2.25,44.36,-0.34,50.84,71.56,60.19,4.39,3.69,
CLX,The Clorox Company,131.45,2.4,25.39,1.53,103.77,132.19,17.02,1.22,2.96,85.07
CMA,Comerica Inc.,34.26,2.36,12.06,43.03,30.48,53.45,6.02,0,2.3,0.79
CMCSA,Comcast A Corp,58.53,1.89,18.06,21.4,50,64.99,142.95,24.88,1.91,2.73
CME,CME Group Inc.,93.19,2.61,25.25,61.01,81.87,100.87,31.39,2.22,9.35,1.51
CMG,Chipotle Mexican Grill,505.33,,33.47,69.58,399.14,758.61,15.18,0.90715,3.44,7.4
CMI,Cummins Inc.,97.7,3.96,12.46,42.49,79.88,146.13,17.03,2.57,0.88,2.26
CMS,CMS Energy,40.59,3.13,21.48,14.21,31.22,40.79,11.25,1.76,1.73,2.83
CNP,CenterPoint Energy,19.14,5.53,,9.43,16.05,21.48,8.24,1.88,1.02,2
CNX,CONSOL Energy Inc.,7.65,0.46,,20.53,4.54,34.14,1.75,1.1,0.72,0.39
COF,Capital One Financial,66.42,2.36,9.4,89.08,58.49,92.1,35.26,0,1.84,0.73
COG,Cabot Oil & Gas,19.41,0.37,,4.86,14.88,35.64,8.03,0.63644,6.27,4.06
COH,Coach Inc.,38.9,3.73,29.43,9.24,27.22,43.87,10.8,0.9323,2.48,4.1
COL,Rockwell Collins,88.64,1.5,18.09,14.47,76.03,99.37,11.62,1.18,2.23,6.1
COP,ConocoPhillips,33.06,2.9,,35.81,31.05,69.72,40.82,6.3,1.34,0.92
COST,Costco Co.,154.72,1.07,28.97,24.67,117.03,169.73,68.04,4.77,0.58,6.24
CPB,Campbell Soup,62.62,2.05,30.59,4.56,44.45,62.64,19.41,1.48,2.34,13.27
CPGX,Columbia Pipeline Group Inc,17.58,2.91,21.73,10.15,15.39,33,7.03,0.5734,5.17,1.7
CRM,Salesforce.com,69.42,,,7.15,52.6,82.9,46.09,0.39981,6.59,8.74
CSCO,Cisco Systems,26.6,3.91,13.17,12.05,22.46,30.31,133.85,14.28,2.67,2.18
CSRA,CSRA Inc.,26.54,1.5,19.91,1.27,25.36,26.56,4.31,0.60466,1.05,20.31
CSX,CSX Corp.,24.36,2.85,12.18,12.07,21.33,37.67,23.46,4.8,2,2.03
CTAS,Cintas Corporation,84.78,1.24,15.09,17.8,78,94.35,9.17,0.89502,1.95,4.73
CTL,CenturyLink Inc,30.41,7.2,19.25,25.96,21.94,38.33,16.47,6.96,0.91,1.16
CTSH,Cognizant Technology Solutions,57.24,,21.6,15.26,51.22,69.8,34.81,2.46,2.75,3.68
CTXS,Citrix Systems,71.61,,35.98,12.83,59,84.17,11.03,0.84398,3.27,5.42
CVC,Cablevision Systems Corp.,32.45,1.84,45.01,-17.92,17.66,33.28,8.98,1.75,1.38,
CVS,CVS Caremark Corp.,98.4,1.74,21.26,33.78,81.37,113.65,108.34,11.86,0.7,2.87
CVX,Chevron Corp.,85.3,4.82,34.82,82.31,69.58,112.2,160.54,17.14,1.31,1.04
CXO,Concho Resources,88.78,,53.07,51.51,69.94,134.13,10.57,2.35,5.43,1.78
D,Dominion Resources,71.83,3.96,22.45,21.22,64.54,76.59,42.86,5.3,3.64,3.36
DAL,Delta Air Lines,49.2,1.11,8.74,13.98,34.61,52.77,38.19,8.22,0.93,3.5
DD,Du Pont (E.I.),60.42,2.52,27.96,11.2,47.11,76.59,52.67,4.11,2.05,5.27
DE,Deere & Co.,79.6,3.06,14.5,20.9,70.16,98.23,25.1,3.71,0.89,3.78
DFS,Discover Financial Services,47.16,2.37,9.19,26.72,42.86,61.5,19.9,0,2.32,1.75
DG,Dollar General,76.27,1.21,19.93,18.37,59.75,81.42,22.19,2.26,1.09,4.09
DGX,Quest Diagnostics,66.72,2.4,13.7,32.76,59.66,89,9.54,1.46,1.26,2.02
DHI,D. R. Horton,27.22,1.23,13.23,16.39,22.97,33.1,10.07,1.25,0.9,1.62
DHR,Danaher Corp.,88.26,0.62,18.62,34.49,81.25,97.62,60.62,4.52,2.91,2.53
DIS,The Walt Disney Company,95.65,1.47,17.88,25.86,86.25,122.08,156.06,16.44,2.87,3.69
DISCA,Discovery Communications-A,24.88,,15.79,8.59,23.74,34.94,15.78,2.44,2.5,2.93
DISCK,Discovery Communications-C,24.57,,15.59,8.59,23.33,32.78,15.59,2.44,2.46,2.89
DLPH,Delphi Automotive,66.68,1.75,13.18,8.09,55.59,90.57,18.51,2.49,1.17,7.88
DLTR,Dollar Tree,82.3,,68.58,17.64,60.31,84.22,19.32,1.5,1.52,4.63
DNB,Dun & Bradstreet,95.09,2.04,20.51,-32.02,85.99,135.14,3.44,0.4548,2.07,
DO,Diamond Offshore Drilling,19.26,0,,29.99,14.18,35.95,2.64,1.08,1.13,0.65
DOV,Dover Corp.,60.54,2.73,11.09,23.51,50.91,78.21,9.38,1.3,1.32,2.52
DOW,Dow Chemical,48.1,3.84,7.82,19.14,35.11,57.1,53.73,8.61,1.08,2.47
DPS,Dr Pepper Snapple Group,93.21,2.32,23.48,11.62,72,95.87,17.51,1.53,2.77,7.97
DRI,Darden Restaurants,63.74,3.22,22.36,15.52,53.38,75.6,8.17,0.8733,1.18,4.08
DTE,DTE Energy Co.,86.97,3.42,21.47,48.88,73.23,87.84,15.61,2.04,1.49,1.76
DUK,Duke Energy,76.44,4.41,18.88,57.74,65.5,80.1,52.59,8.61,2.2,1.3
DVA,DaVita Inc.,65.33,,52.26,23.22,61.36,85.17,13.7,2.5,0.98,2.76
DVN,Devon Energy Corp.,19.56,1.18,,16.86,18.07,70.48,8.63,3.38,0.68,1.15
EA,Electronic Arts,64.68,,33.12,9.72,53.01,76.92,20.01,0.942,4.57,6.5
EBAY,eBay Inc.,24.18,,17.05,5.55,21.52,29.83,28.5,2.95,3.29,4.31
ECL,Ecolab Inc.,103.68,1.3,27.78,22.97,98.62,122.48,30.62,2.92,2.18,4.45
ED,Consolidated Edison,72.45,3.74,17.89,44.55,56.86,73.9,21.27,3.56,1.67,1.61
EFX,Equifax Inc.,106.53,1.28,30.01,19.47,90.71,114.46,12.65,0.9014,4.65,5.36
EIX,Edison Int'l,68.79,2.99,14.91,35.6,55.18,69.24,22.41,4.05,1.8,1.91
EL,Estee Lauder Cos.,92.68,1.31,29.9,9.76,73.67,92.7,34.16,2.13,3.06,9.4
EMC,EMC Corp.,25.93,1.82,25.67,10.88,22.66,29.24,50.38,5.38,2,2.34
EMN,Eastman Chemical,64.54,2.85,11.4,26.09,56.03,83.9,9.54,2.14,0.98,2.45
EMR,Emerson Electric Company,48.63,3.86,12.83,11.59,41.25,62.75,31.27,4.04,1.45,4.17
ENDP,Endo International,52.67,,,28.25,46.66,96.58,11.93,0.78218,3.44,1.81
EOG,EOG Resources,68.5,0.93,,24.17,57.15,101.36,37.65,4.98,3.68,2.88
EQIX,Equinix,307.49,2.33,95.79,45.46,219.3,318.36,18.57,1.14,6.54,6.49
EQR,Equity Residential,74.5,2.98,31.55,28.6,61.9,82.53,27.17,1.79,9.73,2.56
EQT,EQT Corporation,56.18,0.2,100.5,33.28,47.1,92.79,8.57,1.54,4.46,1.72
ES,Eversource Energy,56.66,3.22,20.53,32.46,44.64,56.92,17.96,2.42,2.24,1.73
ESRX,Express Scripts,69.69,,19.58,25.67,65.55,94.61,46.56,6.87,0.45,2.7
ESS,Essex Property Trust Inc,211,3.05,60.46,94.28,191.25,244.71,13.79,0.80414,11.17,2.2
ESV,Ensco plc,7.88,3.88,,38.26,7.25,28.4,1.86,2.31,0.44,0.22
ETFC,E*Trade,23.23,,25.53,19.81,19.61,31.48,6.8,0,3.59,1.14
ETN,Eaton Corporation,57.28,3.81,13.54,32.91,46.19,73.82,26.43,3.31,1.26,1.73
ETR,Entergy Corp.,74.25,4.59,,51.89,61.27,79.84,13.25,3.51,1.14,1.42
EW,Edwards Lifesciences,89.56,,39.8,11.6,61.38,89.58,19.33,0.7111,7.6,7.57
EXC,Exelon Corp.,31.98,3.91,12.59,28.04,25.09,34.98,29.42,8.22,0.99,1.13
EXPD,Expeditors Int'l,45.91,1.54,19.87,9.88,40.41,51.8,8.56,0.74754,1.25,4.6
EXPE,Expedia Inc.,105.13,0.9,18.44,32.37,88.4,140.51,15.83,0.7312,2.36,3.22
EXR,Extra Space Storage,84.54,2.74,44.49,17.1,63.52,91.99,10.44,0.45793,13.83,4.8
F,Ford Motor,12.39,4.78,6.73,7.22,10.44,16.74,49.18,16.02,0.32,1.67
FAST,Fastenal Co,45.07,2.65,25.46,6.22,34.45,45.65,13,0.91394,3.32,7.15
FB,Facebook,108.07,,83.58,15.6,72,117.59,307.6,8.24,16.97,6.85
FCX,Freeport-McMoran Cp & Gld,7.12,0,,6.26,3.52,23.97,8.9,3.38,0.57,1.15
FDX,FedEx Corporation,135.98,0.74,34.87,54.39,119.71,185.19,37.48,7.27,0.76,2.45
FE,FirstEnergy Corp,33.95,4.32,24.78,29.33,28.89,37.05,14.38,3.9,0.95,1.12
FFIV,F5 Networks,95.95,,18.81,18.36,86.03,135.2,6.6,0.59424,3.33,5.14
FIS,Fidelity National Information Services,60.04,1.73,27.48,31.52,55.11,73.6,17.75,1.98,2.65,1.88
FISV,Fiserv Inc,99.47,,33.27,11.81,76.34,99.48,22.18,1.6,4.17,8.33
FITB,Fifth Third Bancorp,15.3,3.32,7.61,18.48,13.84,21.93,12.01,0,1.92,0.81
FLIR,FLIR Systems,31.02,1.54,18.03,11.95,25.12,32.89,4.28,0.35666,2.77,2.61
FLR,Fluor Corp.,46.01,1.79,16.37,21.56,39.48,62.26,6.39,1.12,0.35,2.14
FLS,Flowserve Corporation,41.61,1.76,20.81,12.91,33.86,62.97,5.41,0.76247,1.2,3.25
FMC,FMC Corporation,37.38,1.74,10.22,14.27,32.24,64.72,5,0.5998,1.51,2.59
FOX,Twenty-First Century Fox Class B,27.38,1.1,23.11,7.51,22.65,34.81,52.51,6.15,1.98,3.64
FOXA,Twenty-First Century Fox Class A,27.38,1.1,23.11,7.51,22.66,35.85,52.51,6.15,1.98,3.64
FRT,Federal Realty Investment Trust,150.43,2.55,49.65,23.8,124.87,153.32,10.48,0.47367,13.71,6.16
FSLR,First Solar Inc,72.25,,12.74,53.4,40.25,72.52,7.29,0.84235,1.92,1.3
FTI,FMC Technologies Inc.,23.86,,14.04,10.97,22.3,44.43,5.46,0.7865,0.88,2.23
FTR,Frontier Communications,5.31,9.31,,5.01,3.81,8.05,6.2,2.28,1.13,1.06
GAS,AGL Resources Inc.,65.14,3.27,22.16,32.64,46.36,65.16,7.84,1.2,1.98,1.99
GD,General Dynamics,137.24,2.02,15.11,34.46,121.61,153.76,42.76,4.66,1.34,3.92
GE,General Electric,29.23,3.13,,10.09,19.37,31.49,284.85,15.88,2.39,2.85
GGP,General Growth Properties Inc.,27.36,2.85,19.13,9.1,24.22,31.32,24.14,1.76,9.35,2.94
GILD,Gilead Sciences,90.16,1.93,7.57,13.44,81.89,123.37,128.21,23.35,3.89,6.65
GIS,General Mills,60.14,3.02,24.87,8.09,47.5,60.18,35.68,3.47,2.02,7.29
GLW,Corning Inc.,18.12,2.89,18.17,14.59,15.42,24.89,20.16,2.49,2.2,1.23
GM,General Motors,29.5,5.13,4.99,26.58,24.62,38.99,45.56,13.69,0.29,1.08
GMCR,Keurig Green Mountain,91.8,1.42,30.49,16.89,39.8,131.09,13.72,1.03,3.13,5.44
GME,GameStop Corp.,29.96,4.93,8.08,18.51,24.33,47.83,3.14,0.8222,0.34,1.61
GOOG,Alphabet Inc Class C,705.75,,29.91,175.07,515.18,789.87,485.78,24.42,6.42,4
GOOGL,Alphabet Inc Class A,729.12,,30.9,175.07,529,810.35,501.87,24.42,6.62,4.12
GPC,Genuine Parts,91.87,2.85,19.84,20.9,76.5,97.29,13.83,1.29,0.9,4.36
GPS,Gap (The),27.6,3.4,11.29,6.46,21.57,43.9,11.09,2.37,0.68,4.22
GRMN,Garmin Ltd.,40.31,4.98,16.87,17.63,30.93,50.79,7.65,0.62794,2.73,2.3
GS,Goldman Sachs Group,148.25,1.75,12.21,171.45,139.05,218.77,65.47,0,1.9,0.85
GT,Goodyear Tire & Rubber,29.95,0.9,26.62,14.68,24.9,35.3,8,2.34,0.48,2
GWW,Grainger (W.W.) Inc.,217.5,2.12,18.78,37.93,176.85,252.87,13.49,1.53,1.34,5.69
HAL,Halliburton Co.,32.5,2.19,,18.06,27.64,50.2,27.9,4.07,1.18,1.8
HAR,Harman Int'l Industries,75.79,1.85,15.88,34.38,66.2,149.12,5.39,0.76971,0.8,2.15
HAS,Hasbro Inc.,76.13,2.74,21.32,13.31,59.74,84.42,9.51,0.84726,2.13,5.69
HBAN,Huntington Bancshares,8.64,3.17,10.67,7.81,7.83,11.9,6.87,0,2.35,1.09
HBI,Hanesbrands Inc,28.07,1.63,26.48,3.26,23.25,34.8,10.99,0.97435,1.89,8.48
HCA,HCA Holdings,70,0,14.03,-19.06,43.91,95.49,27.91,7.87,0.7,
HCN,Welltower Inc.,62.67,5.7,26.78,38.29,52.8,80.35,22.26,1.9,5.79,1.61
HCP,HCP Inc.,29.66,7.94,,20.07,25.11,44.79,13.81,1.81,5.29,1.44
HD,Home Depot,126.86,1.92,23.8,6.01,92.17,135.47,160.84,13.14,1.84,20.9
HES,Hess Corporation,41.58,2.24,,68.45,32.41,79,11.78,1.6,1.81,0.61
HIG,Hartford Financial Svc.Gp.,42.73,1.98,10.79,43.91,36.54,50.95,17.17,2.67,0.92,0.95
HOG,Harley-Davidson,43.32,2.89,11.74,10.01,36.36,65.2,7.96,1.36,1.29,4.21
HON,Honeywell Int'l Inc.,104.19,2.26,17.25,23.73,87,111.86,80.16,7.71,2.06,4.35
HOT,Starwood Hotels & Resorts,68.96,2.23,23.94,7.68,56.87,87.99,11.64,1.12,3.76,8.79
HP,Helmerich & Payne,51.5,5.1,23.86,44.72,40.02,79.9,5.56,1.02,2.14,1.15
HPE,Hewlett Packard Enterprise,13.68,1.59,10.21,19.25,11.62,18.5,23.84,7.67,0.45,0.7
HPQ,HP Inc.,10.34,4.64,4.17,15.4,8.91,16.17,18.53,12.2,0.19,0.7
HRB,Block H&R,33.71,2.35,20.32,-0.12,29.15,37.53,7.95,0.90227,2.57,
HRL,Hormel Foods Corp.,43.87,1.35,31.79,7.87,27.08,45.72,23.2,1.3,2.52,5.55
HRS,Harris Corporation,76.14,2.62,137.69,26.13,69.84,89.78,9.49,1.46,1.48,2.89
HSIC,Henry Schein,169.35,,29.76,35,126.17,169.45,13.88,0.92803,1.29,4.79
HST,Host Hotels & Resorts,15.51,5.22,20.96,9.41,12.17,21.91,11.64,1.43,2.07,1.6
HSY,The Hershey Company,91.94,2.58,39.63,4.82,82.41,104.32,19.97,1.7,2.67,18.8
HUM,Humana Inc.,176.6,0.68,20.92,69.77,155.24,219.79,26.19,2.57,0.47,2.47
IBM,International Bus. Machines,134.5,3.89,10.02,14.76,116.9,176.3,129.93,19.59,1.57,8.99
ICE,Intercontinental Exchange,245.03,1.38,21.51,124.44,220.28,268.89,28.19,2.13,8.42,1.96
IFF,Intl Flavors & Fragrances,105.02,2.13,20.75,19.86,97.24,122.84,8.4,0.70166,2.81,5.35
ILMN,Illumina Inc,152.4,,49.16,12.66,130,242.37,22.24,0.66985,9.83,11.8
INTC,Intel Corp.,29.62,3.54,12.71,12.93,24.87,35.59,139.92,23.07,2.49,2.26
INTU,Intuit Inc.,100.07,1.22,67.34,3.98,79.63,109.21,26.42,1.17,6.08,24.86
IP,International Paper,34.79,5.12,15.6,9.47,32.5,57.01,14.4,3.68,0.64,3.66
IPG,Interpublic Group,21.58,2.83,19.8,4.59,18.16,23.8,8.77,1.03,1.14,4.66
IR,Ingersoll-Rand PLC,56.49,2.38,22.79,22.26,47.08,70.93,14.51,1.81,1.07,2.49
IRM,Iron Mountain Incorporated,29.93,6.59,48.75,2.88,23.64,38.91,6.32,0.90255,2.03,10.13
ISRG,Intuitive Surgical Inc.,559.28,,35.99,115.5,447,580,20.91,0.8387,8.74,4.79
ITW,Illinois Tool Works,94.98,2.28,18.51,14.36,78.79,100.14,34.55,3.34,2.56,6.56
IVZ,Invesco Ltd.,26.88,3.97,11.91,18.65,24.9,42.05,11.37,1.46,2.16,1.4
JBHT,J. B. Hunt Transport Services,77.15,1.14,21.08,11.41,63.58,93.5,8.79,1.05,1.4,6.64
JCI,Johnson Controls,36.43,3.24,15.87,16.21,33.62,54.52,23.62,3.04,0.64,2.21
JEC,Jacobs Engineering Group,38.47,,19.18,35.07,34.76,48.25,4.71,0.5578,0.4,1.1
JNJ,Johnson & Johnson,106.38,2.86,19.42,25.86,81.79,106.39,294.35,21.99,4.14,4.06
JNPR,Juniper Networks,24.96,1.61,15.7,11.94,21.49,32.39,9.56,1.08,1.96,2.08
JPM,JPMorgan Chase & Co.,57.01,3,9.5,60.29,50.07,70.61,209.47,0,2.3,0.93
JWN,Nordstrom,52.43,2.88,16.64,5.02,44.49,83.16,9.1,1.72,0.62,10.34
K,Kellogg Co.,74.91,2.71,43.55,6.08,61.13,76.24,26.22,1.97,1.91,12.16
KEY,KeyCorp,10.69,2.74,10.17,12.51,9.88,15.7,8.93,0,2.17,0.84
KHC,Kraft Heinz Co,74.96,3.14,,48.48,61.42,81.2,90.96,3.15,6.32,1.51
KIM,Kimco Realty,27.12,3.77,13.56,12.21,22.07,28.08,11.21,0.73647,9.39,2.18
KLAC,KLA-Tencor Corp.,67.45,3.14,20.22,2.35,44.95,70.28,10.5,0.90007,3.63,28.24
KMB,Kimberly-Clark,133.5,2.8,48.19,-0.48,103.04,133.53,48.18,4.13,2.57,
KMI,Kinder Morgan,17.75,2.79,181.12,15.75,11.2,44.71,39.61,6.82,2.74,1.12
KMX,Carmax Inc,46.26,,15.48,14.74,41.25,75.4,9.05,1.18,0.59,3.07
KO,The Coca Cola Company,44.16,3.19,26.44,5.91,36.56,44.18,190.95,12.1,4.29,7.43
KORS,Michael Kors Holdings,56.47,,13.02,11.04,34.83,68.93,10.11,1.36,2.16,5.02
KR,Kroger Co.,39.46,1.1,19.52,6.49,27.32,42.75,38.46,5.6,0.35,5.96
KSS,Kohl's Corp.,46.67,4,12.4,28.66,39.23,79.6,8.86,2.58,0.45,1.59
KSU,Kansas City Southern,82.34,1.59,18.71,36.03,62.2,117.55,8.93,1.1,3.64,2.25
L,Loews Corp.,36.44,0.67,50.82,52.52,33.84,42.59,12.39,1.16,0.92,0.69
LB,L Brands Inc.,85.67,2.86,21.51,-2.26,75.11,101.11,24.8,2.52,2.04,
LEG,Leggett & Platt,44.71,2.87,19.63,8.1,36.64,51.28,6.06,0.5987,1.55,5.53
LEN,Lennar Corp.,42.24,0.39,12.2,26.75,37.14,56.04,8.93,1.16,0.92,1.54
LH,Laboratory Corp. of America Holding,110.72,0,25.51,49.46,97.79,131.19,11.22,1.61,1.31,2.23
LLL,L-3 Communications Holdings,119.19,2.36,,55.41,101.11,131.36,9.36,1.1,0.88,2.13
LLTC,Linear Technology Corp.,43.81,2.94,21.48,6.87,36.41,49.57,10.49,0.70285,7.2,6.31
LLY,Lilly (Eli) & Co.,74.82,2.79,33.11,14.34,68.31,92.85,79.68,5.19,3.95,5.17
LM,Legg Mason,27.94,2.81,30.8,39.79,24.93,58.79,3.01,0.55244,1.1,0.7
LMT,Lockheed Martin Corp.,220.03,3.07,19.2,10.22,181.91,227.91,66.67,6.7,1.42,21.19
LNC,Lincoln National,36.4,2.72,8.07,55.34,30.39,62.08,8.96,1.63,0.65,0.64
LOW,Lowe's Cos.,68.7,1.61,21.8,9.14,62.62,78.13,62.87,6.95,1.08,7.51
LRCX,Lam Research,72.43,1.71,14.99,35.01,61.2,84.48,11.51,1.39,1.9,2.01
LUK,Leucadia National Corp.,14.62,1.66,19.62,28.61,14.27,25.39,5.3,0.41827,0.48,0.51
LUV,Southwest Airlines,42.59,0.73,13.04,11.36,31.36,51.34,27.18,5.19,1.34,3.64
LVLT,Level 3 Communications,48.61,,5.07,28.42,40.86,57.08,17.32,2.49,2.11,1.71
LYB,LyondellBasell,78.18,3.87,8.15,14.88,69.1,107.32,33.79,7.13,1.02,5.21
M,Macy's Inc.,43.37,3.51,11.23,12.63,34.05,73.61,13.63,3.67,0.49,3.39
MA,Mastercard Inc.,87.42,0.87,26.1,5.4,74.61,101.76,97.1,5.58,9.93,16
MAC,Macerich,79.9,3.43,25.94,30.54,71.98,95.93,12.34,0.82005,9.15,2.56
MAR,Marriott Int'l.,68.3,1.5,21.68,-14.01,56.43,85,17.31,1.55,5.95,
MAS,Masco Corp.,28.91,1.37,28.23,-0.41,22.38,30.61,9.55,1.05,1.33,
MAT,Mattel Inc.,33.14,4.69,30.69,7.75,19.45,34.36,11.26,0.6403,1.93,4.17
MCD,McDonald's Corp.,118.37,3.03,24.69,9.05,87.5,124.83,108.69,8.91,4.23,12.93
MCHP,Microchip Technology,43.81,3.33,26.86,10.45,37.77,52.44,8.92,0.69614,4.12,4.18
MCK,McKesson Corp.,155.37,0.72,18.58,38.83,148.29,243.61,35.52,4.29,0.19,3.98
MCO,Moody's Corp,88.64,1.68,19.14,-1.7,77.76,113.87,17.38,1.59,4.88,
MDLZ,Mondelez International,41.58,1.71,9.36,17.73,33.97,48.58,65.23,4.66,2.16,2.3
MDT,Medtronic plc,77.66,1.98,44.38,37.17,55.54,79.5,109.2,7.71,4.16,2.06
MET,MetLife Inc.,39.42,3.83,8.63,61.88,35,58.23,43.28,7.96,0.61,0.62
MHFI,McGraw Hill Financial,90.11,1.61,21.4,0.73,78.55,109.13,23.91,2.21,4.42,120.85
MHK,Mohawk Industries,171.04,,,64.25,148.56,212.16,12.64,1.33,1.57,2.66
MJN,Mead Johnson,73.37,2.23,22.44,-3.39,65.53,105.45,13.68,1.09,3.33,
MKC,McCormick & Co.,94.1,1.88,30.26,13.12,71.01,94.17,11.96,0.7053,2.75,7.08
MLM,Martin Marietta Materials,143.5,1.14,33.45,62.95,108.31,178.67,9.26,0.7675,2.82,2.27
MMC,Marsh & McLennan,57.76,2.15,19.38,12.65,50.81,59.99,30.15,2.84,2.33,4.54
MMM,3M Company,158.99,2.82,20.97,19.22,134,170.5,96.2,8.5,3.14,8.18
MNK,Mallinckrodt Plc,67.32,,17.83,46.13,52.01,134.26,7.53,1.43,2.12,1.44
MNST,Monster Beverage,133.11,,46.2,22.96,113.08,160.5,26.98,0.95832,10.01,5.77
MO,Altria Group Inc,62.38,3.69,23.38,1.47,47.31,62.45,122.02,8.62,6.37,41.68
MON,Monsanto Co.,89.84,2.41,23.37,8.08,81.22,123.82,39.56,4.36,2.72,10.96
MOS,The Mosaic Company,25.42,2.9,9.14,27.04,22.02,53.55,8.96,2.05,0.99,0.92
MPC,Marathon Petroleum,34.22,3.83,6.51,22.99,29.24,60.38,18.17,6.05,0.28,1.48
MRK,Merck & Co.,51,3.62,32.69,16.27,45.69,61.7,142.47,14.92,3.58,3.11
MRO,Marathon Oil Corp.,7.39,2.67,,28.56,6.52,31.53,5,3.31,0.87,0.25
MS,Morgan Stanley,24.63,2.44,8.49,34.97,21.16,41.04,47.29,0,1.29,0.68
MSFT,Microsoft Corp.,52.1,2.74,36.87,9.69,39.72,56.85,412.07,30.46,4.61,5.3
MSI,Motorola Solutions Inc.,74.06,2.46,29.61,-1.74,56.4,74.18,13.08,1.26,2.2,
MTB,M&T Bank Corp.,105.29,2.56,14.66,93.62,100.08,134,16.8,0,3.72,1.12
MU,Micron Technology,10.72,0,5.83,11.89,9.31,31.5,11.12,4.91,0.74,0.9
MUR,Murphy Oil,16.43,5.1,,30.94,14.3,51.61,2.83,1.35,0.95,0.54
MYL,Mylan N.V.,47.42,0,27.89,19.92,37.59,76.69,23.25,2.72,2.42,2.34
NAVI,Navient,10.66,6.18,4.08,11.39,8.2,22,3.72,0,1.49,0.9
NBL,Noble Energy Inc,30.26,1.27,,24.07,23.77,53.68,13.04,1.64,4.22,1.24
NDAQ,NASDAQ OMX Group,64.51,1.57,25.8,34.08,47.81,64.95,10.62,1.07,3.08,1.87
NEE,NextEra Energy,115.84,3.01,19.12,48.86,93.74,116.98,53.52,7.86,3.06,2.37
NEM,Newmont Mining Corp. (Hldg. Co.),25.85,0.4,60.68,21.43,15.39,27.9,13.68,2.83,1.75,1.19
NFLX,Netflix Inc.,94.53,,337.61,5.2,58.46,133.27,40.47,0.36811,5.78,17.63
NFX,Newfield Exploration Co,24.41,,,12.56,20.84,41.34,3.95,1.67,2.24,1.86
NI,NiSource Inc.,22.03,2.83,24.42,12.04,16.04,22.14,7.04,1.28,1.49,1.81
NKE,Nike,62.38,1.06,30.3,7.85,47.25,68.19,106.24,5.06,3.28,7.69
NLSN,Nielsen Holdings,49.66,2.26,32.25,12.23,42.23,49.95,17.97,1.5,2.9,4.04
NOC,Northrop Grumman Corp.,192.93,1.66,18.57,30.46,152.31,193.99,34.91,3.54,1.46,6.21
NOV,National Oilwell Varco Inc.,27.66,4.76,,43.6,25.74,56.64,10.39,2.05,0.72,0.65
NRG,NRG Energy,10.9,5.49,,28.85,8.8,26.93,3.42,3.18,0.21,0.38
NSC,Norfolk Southern Corp.,73.67,3.11,14.46,40.93,64.51,111.76,21.97,3.94,2.1,1.81
NTAP,NetApp,24.63,2.88,19.93,10.61,20.66,38.93,7.22,0.6025,1.28,2.36
NTRS,Northern Trust Corp.,59.52,2.36,14.92,36.27,54.38,79.25,13.65,0,2.84,1.62
NUE,Nucor Corp.,39.75,3.77,35.81,23.13,33.9,50.7,12.74,1.82,0.76,1.69
NVDA,Nvidia Corporation,31.89,1.46,29.53,8.29,19.09,33.94,17.19,1.08,3.42,3.84
NWL,Newell Rubbermaid Co.,37.87,1.99,29.27,6.8,33.26,50.9,10.15,1.01,1.7,5.52
NWS,News Corp. Class B,11.49,1.7,,20.29,10.74,17.07,6.67,0.639,0.79,0.57
NWSA,News Corp. Class A,10.87,1.8,,20.29,10.21,17.52,6.31,0.639,0.74,0.53
O,Realty Income Corporation,60.12,3.99,55.21,24.5,43.15,61.34,15.06,0.92653,14.58,2.43
OI,Owens-Illinois Inc,15.08,,,2.89,11.58,26.41,2.43,0.982,0.4,5.3
OKE,ONEOK,21.37,11.5,14.3,1.98,18.84,51.53,4.47,1.4,0.52,10.86
OMC,Omnicom Group,77.71,2.59,17.62,10.23,64.12,80.98,18.62,2.21,1.22,7.52
ORCL,Oracle Corp.,37.29,1.62,17.98,10.91,33.13,45.24,156.66,15.21,4.11,3.36
ORLY,O'Reilly Automotive,267.27,,29.15,20.07,202.44,277.96,26.12,1.72,3.24,13.14
OXY,Occidental Petroleum,69.65,4.19,,31.91,58.24,82.06,53.16,5.03,4.25,2.18
PAYX,Paychex Inc.,52.14,3.24,25.95,5.15,41.59,54.78,18.82,1.22,6.56,10.03
PBCT,People's United Financial,14.78,4.51,17.19,15.62,13.62,16.95,4.48,0,3.52,0.93
PBI,Pitney-Bowes,17.85,4.23,8.81,0.91,16.24,24.17,3.5,0.79933,0.97,19.48
PCAR,PACCAR Inc.,51.82,1.84,11.49,19.76,43.46,68.44,18.21,2.77,0.94,2.59
PCG,PG&E Corp.,58.34,3.22,32.59,33.69,47.33,58.46,28.75,4.07,1.68,1.71
PCLN,Priceline.com Inc,1263.41,,25.55,177.29,954.02,1476.52,62.69,3.5,6.8,7.13
PDCO,Patterson Companies,45.09,1.94,24.33,13.84,38.51,53.07,4.44,0.46429,0.89,3.25
PEG,Public Serv. Enterprise Inc.,43.74,3.74,13.25,25.59,36.8,44.18,22.13,4.29,2.11,1.7
PEP,PepsiCo Inc.,100.67,2.81,27.42,8.33,76.48,103.44,145.51,12.25,2.28,11.96
PFE,Pfizer Inc.,30.59,3.99,27.51,10.82,28.25,36.46,188.83,17.86,3.79,2.77
PFG,Principal Financial Group,37.74,4.07,9.3,31.95,33.09,58.02,11.01,1.65,0.91,1.16
PG,Procter & Gamble,82.34,3.23,27.89,22.39,65.02,85.44,222.69,18.67,3.04,3.64
PGR,Progressive Corp.,32.17,2.77,14.96,12.49,25.92,33.95,18.77,2.19,0.89,2.55
PH,Parker-Hannifin,101.63,2.45,16.81,35.52,83.32,125.94,13.73,1.68,1.15,2.85
PHM,Pulte Homes Inc.,17.34,2.09,12.71,13.63,14.61,22.95,6.05,0.8359,1,1.25
PKI,PerkinElmer,47.62,0.59,25.4,18.75,39.5,54.52,5.36,0.42053,2.36,2.53
PLD,Prologis,39.07,4.24,23.87,27.85,35.25,44.96,20.46,1.4,8.48,1.37
PM,Philip Morris International,92.45,4.41,20.92,-8.55,75.27,92.85,143.24,11.45,5.29,
PNC,PNC Financial Services,82.94,2.42,11.24,81.86,77.67,100.52,41.8,0,2.77,1.01
PNR,Pentair Ltd.,47.9,2.69,18.65,25.23,41.57,69.65,8.65,0.9928,1.34,1.9
PNW,Pinnacle West Capital,71.21,3.59,18.17,41.3,56.01,71.4,7.9,1.43,2.23,1.7
POM,Pepco Holdings Inc.,26.52,4.07,20.64,17.35,21.61,27.34,6.75,1.29,1.34,1.53
PPG,PPG Industries,97.01,1.49,18.86,18.67,82.93,118.95,25.88,2.57,1.66,5.12
PPL,PPL Corp.,36.35,4.22,36.31,14.72,29.18,37.23,24.49,3.77,3.16,2.44
PRGO,Perrigo,129.15,0.47,,73.31,122.62,215.73,18.91,1.44,3.45,1.72
PRU,Prudential Financial,66.07,4.24,5.43,93.36,57.19,92.6,29.65,8.81,0.58,0.69
PSA,Public Storage,255.1,2.68,42.03,29.58,182.08,257.98,44.11,1.71,17.77,8.45
PSX,Phillips 66,78.76,2.77,10.19,43.48,69.79,94.12,41.66,5.63,0.49,1.82
PVH,PVH Corp.,80.25,0.2,13.67,55.38,64.16,120.67,6.58,0.9469,0.79,1.39
PWR,Quanta Services Inc.,19.92,,10.97,19.53,16.77,30.61,3.18,0.60592,0.38,0.95
PX,Praxair Inc.,102.61,2.88,19.18,15.38,95.6,130.38,29.27,3.59,2.7,6.62
PXD,Pioneer Natural Resources,120.49,0.06,,56.21,103.5,181.97,17.95,1.41,5.66,2.12
PYPL,PayPal,36.74,,36.74,11.24,30,42.55,44.92,1.95,4.82,3.24
QCOM,QUALCOMM Inc.,51.64,3.74,17.16,20.23,42.24,74.09,77.2,8.03,3.21,2.55
QRVO,Qorvo,42.67,,3282.31,40.09,33.3,88.35,5.85,0.72119,2.19,1.05
R,Ryder System,56.23,2.8,9.85,37.15,45.12,100.64,3.01,1.76,0.46,1.52
RAI,Reynolds American Inc.,50.94,3.37,19.82,12.79,33.71,51.22,72.71,4.23,6.81,3.98
RCL,Royal Caribbean Cruises Ltd,74.47,2.03,24.66,36.99,64.21,103.4,16.23,2.11,1.91,1.97
REGN,Regeneron,393.99,,71.38,35.11,350.26,605.93,41.02,1.33,9.99,11.21
RF,Regions Financial Corp.,7.51,3.04,10.01,12.35,7,10.87,9.67,0,1.89,0.6
RHI,Robert Half International,39.39,2.25,14.64,7.77,36.17,63.27,5.09,0.63395,1,5.05
RHT,Red Hat Inc.,67.68,,65.71,7.36,59.59,84.44,12.36,0.36778,6.05,8.88
RIG,Transocean,8.23,0,,37.72,7.67,21.9,2.99,3.28,0.38,0.22
RL,Polo Ralph Lauren Corp.,91.92,2.2,16.65,45.29,82.15,141.08,7.72,1.14,1.02,1.99
ROK,Rockwell Automation Inc.,104.04,2.76,17.54,17.02,87.53,127.05,13.67,1.27,2.18,6.02
ROP,Roper Industries,171,0.69,24.96,52.55,150.91,195.93,17.24,1.23,4.79,3.24
ROST,Ross Stores,56.54,0.85,23.08,5.91,43.47,57.19,22.9,1.87,1.94,9.52
RRC,Range Resources Corp.,23.35,0.64,,18.57,19.21,65.53,3.88,1.23,2.87,1.26
RSG,Republic Services Inc,46.23,2.61,21.7,22.5,38.99,46.31,15.94,2.56,1.74,2.04
RTN,Raytheon Co.,125.02,2.15,18.4,33.87,95.32,129.99,37.38,3.28,1.59,3.65
SBUX,Starbucks Corp.,58.75,1.36,36.07,4.03,42.05,64,86.84,4.46,4.35,14.43
SCG,SCANA Corp,66.78,3.5,12.79,37.92,49.89,66.9,9.54,1.5,2.17,1.75
SCHW,Charles Schwab Corporation,24.09,0.98,23.39,8.92,21.51,35.72,31.72,0,4.94,2.66
SE,Spectra Energy Corp.,28.77,5.58,99.21,14.21,21.43,38.47,19.3,2.21,3.68,2.02
SEE,Sealed Air Corp.(New),46.36,1.16,28.62,2.7,38.02,55.84,9.06,1.1,1.27,16.89
SHW,Sherwin-Williams,265.46,1.3,23.79,10.59,218.27,294.35,24.31,1.81,2.09,24.45
SIG,Signet Jewelers,97.17,0.85,18.35,35.79,93.45,152.27,7.73,0.8872,1.17,2.74
SJM,Smucker (J.M.),129.57,2.11,38.08,60.44,104.3,130,15.51,1.42,2.21,2.11
SLB,Schlumberger Ltd.,72.35,2.69,44.39,28.36,59.6,95.13,90.9,9.64,2.56,2.55
SLG,SL Green Realty,90.04,3.2,33.35,70.67,80.12,135.81,9,0.82785,5.28,1.25
SNA,Snap-On Inc.,144.54,1.66,17.84,41.54,133.09,174.52,8.4,0.8328,2.36,3.51
SNDK,SanDisk Corporation,71.48,1.77,39.27,28.56,44.28,87.43,14.37,1.38,2.52,2.45
SNI,Scripps Networks Interactive Inc.,57.8,1.79,13.34,11.51,47.62,74.8,7.43,1.28,2.62,5.01
SO,Southern Co.,49.36,4.42,18.98,22.73,41.4,50.24,45.02,6.66,2.55,2.15
SPG,Simon Property Group Inc,191.94,3.38,32.64,14.31,170.99,208.14,59.39,3.9,11.22,13.22
SPLS,Staples Inc.,9.41,5.06,192.04,8.3,8.04,17.05,6.06,1.39,0.28,1.11
SRCL,Stericycle Inc,114.52,,38.69,31.74,104.91,151.57,9.84,0.78939,3.26,3.56
SRE,Sempra Energy,98.91,3.06,19.44,46.79,86.72,112.9,24.57,3.03,2.39,2.11
STI,SunTrust Banks,33.8,2.75,9.44,43.68,31.07,45.84,17.19,0,2.16,0.77
STJ,St Jude Medical,54.3,2.3,17.69,14.11,48.83,80.84,15.56,1.62,2.8,3.84
STT,State Street Corp.,54.74,2.39,12.25,46.04,50.73,81.26,21.9,0,2.09,1.18
STX,Seagate Technology,30.92,7.82,15.58,6.15,26.25,63.39,9.17,1.79,0.76,5.06
STZ,Constellation Brands,143.64,0.88,,0,110.45,155.68,,,,
SWK,Stanley Black & Decker,95.07,2.34,16.43,37.75,88.72,111.18,14.48,1.79,1.28,2.48
SWKS,Skyworks Solutions,64.55,1.62,13.15,18.18,54.5,112.88,12.37,1.32,3.61,3.51
SWN,Southwestern Energy,6.77,0,,11.61,5,29.61,2.59,1.75,0.77,0.59
SYF,Synchrony Financial,27.78,,10.48,15.12,23.74,36.4,23.16,0,3.4,1.83
SYK,Stryker Corp.,101.8,1.53,26.93,22.82,86.68,105.34,37.97,2.67,3.73,4.36
SYMC,Symantec Corp.,19.67,2.98,21.9,8.21,18.31,26.16,12.83,1.95,2.04,2.35
SYY,Sysco Corp.,43.56,2.9,33.61,6.96,35.45,45.11,24.59,2.39,0.5,6.2
T,AT&T Inc,37.37,5.21,15.79,19.96,30.97,37.5,229.87,47.13,1.55,1.86
TAP,Molson Coors Brewing Company,86.63,1.89,44.86,38.17,63.91,95.74,18.58,0.6382,5.18,2.26
TDC,Teradata Corp.,25.13,,,7.11,21.98,46,3.32,0.459,1.29,3.47
TE,TECO Energy,27.48,3.34,37.09,10.96,17.6,27.54,6.41,0.9123,2.34,2.51
TEL,TE Connectivity Ltd.,57.41,2.27,10.11,22.83,51.7,73.73,21.22,2.53,1.75,2.5
TGNA,Tegna,24.13,2.27,15.47,9.62,21.11,38.48,5.35,1.08,1.75,2.51
TGT,Target Corp.,78.67,3.09,,21.43,66.46,85.81,48.46,7.41,0.64,3.59
THC,Tenet Healthcare Corp.,24.81,0,140.97,8.05,21.39,60.93,2.47,2.27,0.14,3.08
TIF,Tiffany & Co.,65.12,2.45,16.99,22.25,59.73,96.43,8.35,1.01,1.99,2.92
TJX,TJX Companies Inc.,75.08,1.15,22.86,6.5,63.53,76.93,50.27,4.27,1.64,11.43
TMK,Torchmark Corp.,51.41,1.03,12.36,34.62,48.47,63.26,6.34,0.85023,1.66,1.46
TMO,Thermo Fisher Scientific,130.57,0.46,26.55,53.55,117.1,143.65,52.16,4.18,3.06,2.42
TRIP,TripAdvisor,62.05,,45.62,9.72,53.48,94,9.01,0.28,5.91,6.24
TROW,T. Rowe Price Group,69.64,3.09,15.04,19.01,63.57,84.38,17.28,2.03,4.07,3.63
TRV,The Travelers Companies Inc.,109.27,2.23,10.04,79.75,95.21,116.48,32.23,5.93,1.19,1.36
TSCO,Tractor Supply Company,85.5,0.93,28.5,10.37,75,96.28,11.49,0.77408,1.85,8.25
TSN,Tyson Foods,66.49,0.94,19.84,24.72,37.1,66.67,26.25,3.35,0.65,2.64
TSO,Tesoro Petroleum Co.,77.75,2.62,6.29,64.5,67.8,119.67,9.33,3.94,0.33,1.22
TSS,Total System Services,44.47,0.93,22.6,10.05,37.14,56.69,8.15,0.79237,2.88,4.35
TWC,Time Warner Cable Inc.,193.47,1.57,30.04,31.75,145.44,194.22,54.8,7.78,2.27,5.98
TWX,Time Warner Inc.,66.66,2.45,14.41,29.71,55.53,91.34,52.99,7.64,1.9,2.26
TXN,Texas Instruments,53.11,2.85,18.81,9.84,43.49,59.99,53.71,5.29,4.08,5.33
TXT,Textron Inc.,34.51,0.23,13.83,17.94,30.69,46.93,9.55,1.57,0.7,1.89
TYC,Tyco International,34.88,2.4,32.03,9.45,28.94,44,14.81,1.55,1.49,3.64
UA,Under Armour,83.06,,79.1,7.72,63.23,105.89,17.94,0.50949,4.48,10.63
UAL,United Continental Holdings,56.86,0,2.92,24.59,42.17,70.31,20.44,7.22,0.53,2.29
UHS,"Universal Health Services, Inc.",111.28,0.36,16.54,41.97,100.82,148.57,10.96,1.65,1.24,2.64
UNH,United Health Group Inc.,121.2,1.65,20.17,35.5,95,126.21,115.22,12.28,0.73,3.39
UNM,Unum Group,28.33,2.64,8.09,35.96,23.99,38.15,6.83,1.49,0.62,0.77
UNP,Union Pacific,79.32,2.7,14.45,24.38,67.06,121.4,67.14,10.06,3.09,3.26
UPS,United Parcel Service,97.72,3.18,18.27,2.16,87.3,107.32,87.01,9.73,1.48,44.79
URBN,Urban Outfitters,26.5,,14.85,9.64,19.26,47.25,3.11,0.4959,0.92,2.79
URI,"United Rentals, Inc.",50.36,,8.3,16.08,41.9,105.83,4.58,1.8,0.78,3.09
USB,U.S. Bancorp,39.14,2.54,12.39,23.28,37.07,46.26,68.3,0,3.54,1.65
UTX,United Technologies,98.07,2.77,11.38,32.63,83.39,123.5,82.03,10.27,1.4,2.87
V,Visa Inc.,73.27,0.77,26.37,12.25,60,81.01,175.9,9.48,12.27,5.86
VAR,Varian Medical Systems,79.05,0,19.36,16.96,71.07,96.67,7.55,0.61699,2.38,4.58
VFC,V.F. Corp.,64.68,2.41,22.69,12.65,52.21,77.43,27.54,2.08,2.18,5
VIAB,Viacom Inc.,37.11,4.34,7.96,9.34,30.11,73.52,14.69,4.02,1.13,3.99
VLO,Valero Energy,60.69,4.09,7.6,44.14,51.68,73.88,29.22,8.13,0.33,1.37
VMC,Vulcan Materials,97.98,0.83,60,33.34,78.83,106.84,13.09,0.81966,3.8,2.92
VNO,Vornado Realty Trust,86.41,2.89,24.1,28.75,78.91,114.02,16.29,1.22,6.54,2.99
VRSK,Verisk Analytics,73.9,,25.06,7.77,64.79,82,12.52,0.92208,6.15,9.22
VRSN,Verisign Inc.,84.33,0,29.9,-9.73,61.31,93.94,9.23,0.66744,8.6,
VRTX,Vertex Pharmaceuticals Inc,85.53,,,3.82,78.51,143.45,21.07,-0.33143,20.71,22.74
VTR,Ventas Inc,55.08,5.51,43.96,28.61,46.87,77.36,18.51,1.68,5.51,1.88
VZ,Verizon Communications,51.11,4.43,11.7,4.03,38.06,51.3,208.17,49.08,1.57,12.6
WAT,Waters Corporation,121.81,0,21.56,25.22,112,137.39,9.95,0.67189,4.83,4.79
WBA,Walgreens Boots Alliance,79.92,1.83,19.46,28.29,71.5,97.3,86.21,7.61,0.76,2.81
WDC,Western Digital,43.99,4.34,9.07,41.19,38.64,110,10.24,2.46,0.76,1.07
WEC,Wisconsin Energy Corporation,57.98,3.47,24.78,27.42,44.93,58.15,18.3,1.83,3.06,2.09
WFC,Wells Fargo,47.75,3.05,11.51,33.83,44.5,58.77,243.15,0,2.9,1.41
WFM,Whole Foods Market,30.86,1.76,20.94,9.94,28.07,57.39,10.12,1.4,0.65,3.09
WHR,Whirlpool Corp.,151.87,2.43,15.45,61.42,123.6,217,11.73,2.09,0.56,2.46
WLTW,Willis Towers Watson,112.88,1.7,20.87,32.68,110.75,112.99,7.68,0.858,1.99,3.41
WM,Waste Management Inc.,56.17,2.74,34.04,11.95,45.86,56.8,25.03,3.39,1.93,4.69
WMB,Williams Cos.,16.03,15.85,,9.86,10.22,61.38,12.02,2.91,1.69,1.69
WMT,Wal-Mart Stores,68.04,3.05,14.89,25.28,56.3,84.16,216.78,33.56,0.44,2.65
WRK,Westrock Co,32.42,4.64,,42.61,29.73,66.4,8.35,2.03,0.66,0.76
WU,Western Union Co,18.35,3.49,11.33,2.8,16.02,22.84,9.21,1.39,1.66,6.48
WY,Weyerhaeuser Corp.,25.36,5.26,28.49,9.51,22.06,35.6,12.95,1.47,1.81,2.63
WYN,Wyndham Worldwide,71.65,2.38,13.94,8.33,60.59,94.35,8.06,1.26,1.44,8.48
WYNN,Wynn Resorts Ltd,80.63,2.51,41.99,-1.75,49.95,145.4,8.16,1,1.98,
XEC,Cimarex Energy,84.53,0.73,,29.5,72.77,132.18,8.02,0.76412,5.54,2.88
XEL,Xcel Energy Inc,40.2,3.43,20.73,20.79,31.76,40.42,20.4,3.23,1.84,1.92
XL,XL Capital,34.65,2.33,8.35,39.3,25.56,40.48,10.3,0.98963,1.12,0.87
XLNX,Xilinx Inc,48.25,2.54,24.03,10.14,38.73,50.72,12.33,0.74521,5.5,4.69
XOM,Exxon Mobil Corp.,82.01,3.54,21.3,41.01,66.55,90.09,340.83,39.69,1.38,1.99
XRAY,Dentsply International,60.74,0.51,34.51,16.69,49.48,63.45,8.51,0.5924,3.03,3.47
XRX,Xerox Corp.,9.64,3.23,22.37,8.97,8.48,13.72,9.76,2.02,0.54,1.07
XYL,Xylem Inc.,37.56,1.65,20.09,11.68,29.9,38.08,6.7,0.588,1.83,3.21
YHOO,Yahoo Inc.,31.36,,,30.78,26.15,46.17,29.59,0.47468,5.88,1.01
YUM,Yum! Brands Inc,70.96,2.56,24.3,2.17,64.58,95.9,29,2.9,2.23,32.96
ZBH,Zimmer Biomet Holdings,96.89,0.92,372.65,48.29,88.27,121.54,19.69,1.96,3.2,1.95
ZION,Zions Bancorp,21.23,1.08,17.69,32.67,19.65,33.03,4.34,0,2.06,0.63
ZTS,Zoetis,42.9,0.89,63.27,2.47,37.73,55.38,21.36,1.46,4.43,17.18